site_name;şartlar;durum
acarbet;100tl yatırımlı maks 500 çekim;yatırımlı
acrobet;250tl yatırımlı maks 5k çekim;yatırımlı
adacasino;maks 200tl çekim;yatırımsız
ajaxbet;500tl yatırımlı maks 2k çekim;yatırımlı
akcebet;250tl yatır maks 500 çekim;yatırımlı
alevcasino;maks 500tl çekim email doğrulama bonusu;yatırımsız
alobet;100tl yatırımlı maks 1k çekim;yatırımlı
altaybet;yatırımsız maks 300tl çekim;yatırımsız
amgbahis;yatırımsız maks 300tl çekim;yatırımsız
amkbet;yatırımsız maks 1k çekim;yatırımsız
anadoluslot;yatırımsız maks 250tl çekim;yatırımsız
antikbet;150tl yatırım maks 300tl çekim;yatırımlı
aresbet;yatırımsız maks 500tl çekim;yatırımsız
asyabahis;yatırımsız maks 1k çekim;yatırımsız
atlantisbahis;yatırımsız maks 250tl çekim;yatırımsız
atlasbet;yatırımsız maks 500tl çekim;yatırımsız
atosbet;100tl yatırılım maks 300tl çekim;yatırımlı
avrupabet;yatırımsız maks 1k çekim;yatırımsız
babilonbet;500tl yatırımlı maks çekim sınırı yok.;yatırımlı
bahibom;maks 1k çekim;yatırımsız
bahis1000;1k yatırımlı maks bonusun 20 katı çekim;yatırımlı
bahisabi;500tl yatırımlı maks çekim sınırı yok.;yatırımlı
bahisal;maks 500tl çekim;yatırımsız
bahisbudur;şartlar canlı destekte;
bahiscasino;yatırımsız maks 1k çekim;yatırımsız
bahiscim;yatırımsız maks 300tl çekim;yatırımsız
bahisfair;yatırımsız maks 10k çekim;yatırımsız
bahisfanatik;250tl yatırımlı maks 1k çekim;yatırımlı
bahislion;yatırımsız maks 1k çekim;yatırımsız
bahiso;250tl yatırımlı maks 500tl çekim;yatırımlı
bahisoyna;maks 500tl çekim;yatırımsız
bahispal;yatırımsız maks 250tl çekim;yatırımsız
bahisvebahis;şartlar canlı destekte;
bahix;şartlar canlı destekte;
balbet;500tl yatırımlı maks 1k çekim. Anapara çekim sınırı yok.;yatırımlı
balinabet;maks 300tl çekim;yatırımsız
bankobet;yatırımsız maks 400tl çekim;yatırımsız
barbibet;100tl yatırımlı maks 300tl çekim;yatırımlı
bayconticasino;250tl yatırımlı maks 500tl çekim;yatırımlı
bayspin;100tl yatırımlı maks 500tl çekim;yatırımlı
baywin;300tl yatırımlı maks 500tl çekim. Ana para kalıyor;yatırımlı
bekabet;yatırımsız maks 1k çekim;yatırımsız
benebet;200tl yatırımlı maks 1k çekim;yatırımlı
benimbahis;yatırımsız maks 500tl çekim;yatırımsız
berlinbet;yatırımsız maks 1k çekim;yatırımsız
betadonis;100tl yatırımlı maks 10k çekim;yatırımlı
betamiral;yatırımsız maks 150tl çekim;yatırımsız
betbetin;şartlar canlı destekte;
betbey;yatırımsız maks 300tl çekim;yatırımsız
betbigo;maks 500tl çekim;yatırımsız
betbom;yatırım kadar deneme min-maks 10 katı çekim;yatırımlı
betbox;yatırımsız maks 1k çekim;yatırımsız
betbulls;şartlar canlı destekte;
betchaplin;250tl yatırım maks 1k çekim;yatırımlı
betci;yatırımsız maks 1k çekim;yatırımsız
betcio;250tl yatırımlı maks 2.5k çekim;yatırımlı
betcup;şartlar canlı destekte;
betebet;şartlar canlı destekte;
betenerji;yatırımsız maks 300tl çekim;yatırımsız
betesbet;maks 500tl çekim;yatırımsız
betewin;yatırımsız maks 500tl çekim;yatırımsız
betexper;yatırımsız maks 250tl çekim;yatırımsız
betforce;300tl yatırım maks 500tl çekim;yatırımlı
betgar;100tl yatırımlı maks 1k çekim;yatırımlı
betgaranti;yatırımsız maks 500tl çekim;yatırımsız
betgit;100tl yatırımlı maks 500tl çekim;yatırımlı
betgross;100tl yatırımlı maks 200tl çekim;yatırımlı
bethand;şartlar canlı destekte;
betibenz;yatırımsız maks 300tl çekim;yatırımsız
betigma;250tl yatırımlı maks 500tl çekim;yatırımlı
betine;100tl yatırımlı maks 350tl çekim;yatırımlı
betium;yatırımsız maks 500tl çekim;yatırımsız
betkanyon;yatırımsız maks 500tl çekim;yatırımsız
betkare;yatırımsız maks 1k çekim;yatırımsız
betkolik;1k yatırımlı maks 2.5k çekim;yatırımlı
betkom;yatırımsız maks 500tl çekim;yatırımsız
betlesene;yatırımsız maks 250tl çekim;yatırımsız
betlike;yatırımsız maks 2.5k çekim;yatırımsız
betlist;yatırımsız maks 500tl çekim;yatırımsız
betlivo;yatırımsız maks 500tl çekim;yatırımsız
betmabet;yatırımsız maks 250tl çekim;yatırımsız
betmarino;yatırımsız maks 1k çekim;yatırımsız
betmatik;100tl yatırımlı maks 500tl çekim;yatırımlı
betmoon;şartlar canlı destekte;
betnis;yatırımsız maks 500tl çekim;yatırımsız
betnixe;maks 500tl çekim;yatırımsız
betofbahis;200tl yatırım maks 500tl çekim;yatırımlı
betoffice;yatırımsız min 500tl maks sınırsız çekim;yatırımsız
betokeys;250tl yatırımlı maks 500tl çekim;yatırımlı
betorbet;yatırımsız maks 500tl çekim;yatırımsız
betorder;2fa bonusu. Yatırımsız bonus tutarının maks 25 katı çekim;yatırımsız
betorspin;300tl yatırımlı maks 500tl çekim. Ana para kalıyor;yatırımlı
betosfer;100tl yatırımlı maks 250tl çekim;yatırımlı
betovis;yatırımsız maks 500tl çekim;yatırımsız
betparibu;200tl yatırımlı maks 500tl çekim;yatırımlı
betpark;yatırımsız maks 500tl çekim;yatırımsız
betpas;şartlar canlı destekte;
betper;şartlar canlı destekte;
betpipo;yatırımsız min 500tl maks 10k çekim;yatırımsız
betpir;yatırımsız maks 250tl çekim;yatırımsız
betpon;yatırımsız maks 300tl çekim;yatırımsız
betpuan;yatırımsız maks 250tl çekim;yatırımsız
betra;100tl yatırımlı maks 500tl çekim;yatırımlı
betredi;300tl yatırımlı maks 3k çekim;yatırımlı
betroz;500tl yatırımlı maks 1k çekim.;yatırımlı
betrupi;yatırımsız 2.5k üstü %10u çekim yapılabilir. Sınırsız çekim;yatırımsız
betsalvador;yatırımsız maks 500tl çekim;yatırımsız
betsat;yatırımsız maks 500tl çekim;yatırımsız
betsin;yatırımsız maks 2.5k çekim;yatırımsız
betslio;maks 1k çekim;yatırımsız
betsnice;telegram bonusu. Yatırımsız sınırsız çekim;yatırımsız
betsobet;maks 200tl çekim;yatırımsız
betspin;400tl yatırımlı maks çekim sınırı yok.;yatırımlı
betticket;yatırımsız maks 500tl çekim;yatırımsız
betturka;yatırımsız maks 250tl çekim;yatırımsız
betturkey;yatırımsız maks 1k çekim;yatırımsız
betvakti;yatırımsız maks 500tl çekim;yatırımsız
betvast;maks 250tl çekim;yatırımsız
betvole;şartlar canlı destekte;
betvoy;maks 600tl çekim;yatırımsız
betwild;yatırımsız maks 1k çekim;yatırımsız
betwoon;yatırımsız maks 500tl çekim;yatırımsız
betyoner;yatırımsız maks 500tl çekim;yatırımsız
bewins;500tl yatırım maks 1k çekim;yatırımlı
beygirbet;100tl yatırımlı maks 300tl çekim;yatırımlı
bircasino;250tl yatırımlı maks 500tl çekim;yatırımlı
bonisa;yatırımsız maks 500tl çekim;yatırımsız
botegabahis;100tl yatırımlı maks 500tl çekim. Anapara ile devam;yatırımlı
bovbet;yatırımsız maks 1k çekim;yatırımsız
bullbahis;yatırımsız maks 500tl çekim;yatırımsız
bycasino;200tl yatırımlı maks 500tl çekim;yatırımlı
candycasino;yatırımsız maks 10k çekim;yatırımsız
cashanem;yatırımsız maks 300tl çekim;yatırımsız
cashwin;yatırımsız maks 2k çekim;yatırımsız
casiblu;yatırımsız maks 500tl çekim;yatırımsız
casicosta;100tl yatırımlı maks 300tl çekim;yatırımlı
casimon;yatırımsız maks 250tl çekim;yatırımsız
casinoas;yatırımsız maks 500tl çekim;yatırımsız
casinoburada;yatırımsız maks 250tl çekim;yatırımsız
casinodünya;maks 333tl çekim;yatırımsız
casinofast;yatırımsız maks 400tl çekim;yatırımsız
casinomega;250tl yatırımlı maks 500tl çekim;yatırımlı
casinomilyon;100tl yatırımlı maks 500tl çekim. Anapara ile devam;yatırımlı
casinopark;maks 250tl çekim;yatırımsız
casinra;100tl yatırımlı maks 400tl çekim. Anapara ile devam;yatırımlı
casipol;tg bonusu. Yatırımsız maks 500tl çekim;yatırımsız
casipot;maks 1k çekim;yatırımsız
casival;100tl yatırımlı maks 500tl çekim. Anapara ile devam;yatırımlı
casivera;yatırımsız maks 1k çekim;yatırımsız
cedabet;250tl yatırımlı maks 500tl çekim;yatırımlı
celtabet;yatırımsız maks 500tl çekim;yatırımsız
cepbahis;1k yatırımlı maks 2k çekim;yatırımlı
chamadabet;yatırımsız maks 1k çekim;yatırımsız
cimbombey;yatırımsız maks 300tl çekim;yatırımsız
cratosroyalbet;yatırımsız maks 1k çekim;yatırımsız
çarkbet;500tl yatırımlı maks 1k çekim.;yatırımlı
dahibet;maks 1500tl çekim;yatırımsız
damabet;50tl yatırımlı maks 600tl çekim;yatırımlı
dedebet;yatırımsız maks 500tl çekim;yatırımsız
deltabahis;500tl yatırımlı maks 1k çekim.;yatırımlı
dengebet;yatırımsız maks 200tl çekim;yatırımsız
deobet;maks 250tl çekim;yatırımsız
dinamobet;yatırımsız maks 500tl çekim;yatırımsız
dodobet;yatırımsız maks 1k çekim;yatırımsız
editörbet;500tl yatırımlı maks yatırımın 10katı çekim;yatırımlı
efesbetcasino;yatırımsız maks 500tl çekim;yatırımsız
efsanebahis;yatırımsız maks 500tl çekim;yatırımsız
efsino;300tl yatırım maks 600tl çekim;yatırımlı
elexbet;maks 1k çekim;yatırımsız
elitbahis;1k yatırımlı maks 2k çekim;yatırımlı
enbet;yatırımsız maks 500tl çekim;yatırımsız
enjoybet;yatırımsız maks 250tl çekim;yatırımsız
enobahis;bonus kazancı kadar yatırım+ana para çevrimi sonrası sınırsız çekim;yatırımlı
epikbahis;min 100tl maks 1k çekim;yatırımsız
esascasino;tg bonusu 250tl yatırımlı maks 500tl çekim;yatırımlı
esbet;maks 500tl çekim;yatırımsız
extrabet;min 500 maks 1k çekim;yatırımsız
eyfelcasino;150tl yatırımlı maks 300 çekim;yatırımlı
favoribahis;%10 kadar maks çekim sınırsız.;yatırımsız
favorisen;100tl yatırımlı maks 500tl çekim;yatırımlı
favorislot;bonus bakiyesinin %10 kadar sınırsız çekim;yatırımsız
fenerbey;maks 300tl çekim;yatırımsız
fenomenbet;tg bonusu maks 500tl çekim;yatırımsız
festwin;maks 300tl çekim;yatırımsız
fikstürbet;maks 500tl çekim;yatırımsız
fitcas;250tl yatırımlı maks 750tl çekim;yatırımlı
fixbet;maks 1k çekim;yatırımsız
fraga;sınırsız çekim;yatırımsız
gamabet;maks 300tl çekim;yatırımsız
gambizo;bonus bakiyesinin %10 kadar sınırsız çekim;yatırımsız
gambleron;250tl yatırımlı maks 500tl çekim;yatırımlı
gameofbet;maks 10k çekim;yatırımsız
ganobet;min 100tl maks 1k çekim;yatırımsız
ganyanbet;maks 500tl çekim;yatırımsız
gettobet;min 250tl maks bonus bakiyesinin %10 kadar sınırsız çekim;yatırımsız
girnecasino;maks 300tl çekim;yatırımsız
goatbahis;200tl yatırımlı maks 400tl çekim;yatırımlı
gobahis;250tl yatırımlı maks 500tl çekim;yatırımlı
gobeti;250tl yatırımlı maks 500tl çekim;yatırımlı
golbet;maks 500tl çekim;yatırımsız
golden90;şartlar canlı destekte;
golegol;şartlar canlı destekte;
goley90;500tl yatırımlı maks 1k çekim.;yatırımlı
gorabet;şartlar canlı destekte;
grandbetting;min 200tl maks 1500tl çekim;yatırımsız
grandoperabet;250tl yatırılım maks 500tl çekim;yatırımlı
grandpashabet;maks 1k çekim;yatırımsız
grbets;maks 250tl çekim;yatırımsız
hanedanbet;maks 300tl çekim;yatırımsız
havanabet;maks 250tl çekim;yatırımsız
hayalbahis;100tl yatırımlı maks 1000tl çekim;yatırımlı
hepyek;maks 1k çekim;yatırımsız
heybet;maks 500tl çekim;yatırımsız
hızlıbahis;100tl yatırım maks 300tl çekim;yatırımlı
hilarionbet;maks 500tl çekim;yatırımsız
hiltonbet;min 200tl maks 1k çekim;yatırımsız
hipbet;200tl yatırım maks 1k çekim;yatırımlı
hitbet;maks 200tl çekim;yatırımsız
hititbet;tg bonusu fs kazancının maks 25katı çekim;yatırımsız
hobitbet;250tl yatırımlı maks 500tl çekim;yatırımlı
huqqabet;maks 1k çekim;yatırımsız
ibizabet;maks 250tl çekim;yatırımsız
icebahis;min 500tl maks 5k çekim;yatırımsız
ikasbet;maks 500tl çekim;yatırımsız
ikimisli;maks 1k çekim;yatırımsız
ilkbahis;min 100tl maks 250tl çekim;yatırımsız
imajbet;şartlar canlı destekte;
interbahis;şartlar canlı destekte;
ironbet;100tl yatırım maks 300tl çekim;yatırımlı
istinyecasino;maks 500tl çekim;yatırımsız
jackbom;500tl yatırımlı maks 1k çekim.;yatırımlı
jasminbet;şartlar canlı destekte;
jojova;maks 500tl çekim;yatırımsız
joybet;maks 250tl çekim;yatırımsız
jugoobet;maks 300tl çekim;yatırımsız
kalitebet;250tl yatırım maks 1k çekim. Anapara ile devam;yatırımlı
kareasbet;maks 500tl çekim;yatırımsız
karebet;500tl yatırımlı maks 2k çekim;yatırımlı
kargabet;250tl yatırımlı maks 500tl çekim. Anapara ile devam;yatırımlı
kartalbey;maks 300tl çekim;yatırımsız
katla;maks 1k çekim;yatırımsız
kayapremiumcasino;maks 600tl çekim;yatırımsız
kazandra;100tl yatırım maks 1k çekim;yatırımlı
kingbetting;100tl yatırım maks 500tl çekim;yatırımlı
kingroyal;maks 500tl çekim;yatırımsız
kktcbet;maks 1k çekim;yatırımsız
kolaybet;maks 100tl çekim;yatırımsız
konseycasino;maks 1k çekim;yatırımlı
kralbet;maks 400tl çekim;yatırımsız
kulisbet;maks 200tl çekim;yatırımsız
kuponbet;maks 5k çekim;yatırımsız
kuzeycasino;şartlar canlı destekte;
lagoncasino;500tl yatırım maks 1k çekim;yatırımlı
lambobahis;100tl yatırım maks 300tl çekim;yatırımlı
levabet;şartlar canlı destekte;
ligobet;200tl yatırım maks 500tl çekim;yatırımlı
limanbet;100tl yatırım 1100tl çekim;yatırımlı
livebahis;100tl yatırım maks 500tl çekim;yatırımlı
lordbahis;maks 100tl çekim;yatırımsız
lordcasino;maks 400tl çekim;yatırımsız
lotobet;100tl yatırım maks 350tl çekim;yatırımlı
loyalbahis;maks 1k çekim;yatırımsız
luluslot;100tl yatırım maks 250tl çekim;yatırımlı
luxbet;500tl yatırım maks 500tl çekim;yatırımlı
lükscasino;maks 500tl çekim;yatırımsız
madridbet;maks 500tl çekim;yatırımsız
maksibet;%10 kadar maks çekim sınırsız.;yatırımsız
maltcasino;maks 500tl çekim;yatırımsız
mariobet;maks 500tl çekim;yatırımsız
maritbet;100tl yatırım maks 400tl çekim;yatırımlı
markaj;1k yatırım 2k çekim;yatırımlı
marsbahis;şartlar canlı destekte;
masalbahis;şartlar canlı destekte;yatırımsız
maskebet;250tl yatırım maks 500tl çekim;yatırımlı
masterbetting;maks 750tl çekim;yatırımsız
matadorbet;maks 750tl çekim;yatırımsız
maximcasino;maks 500tl çekim;yatırımsız
maxroyalcasino;maks 200tl çekim;yatırımsız
maxwin;maks 1k çekim;yatırımsız
medusabahis;maks 100tl çekim;yatırımsız
mekanbahis;maks 150tl çekim;yatırımsız
mercurecasino;%10 kadar maks çekim sınırsız.;yatırımsız
meritbet;%10 kadar maks çekim sınırsız.;yatırımsız
meritcasino;maks 5k çekim;yatırımsız
meritking;maks 500tl çekim;yatırımsız
meritlimancasino;maks 500tl çekim;yatırımsız
meritqueen;250tl yatırım maks 500tl çekim;yatırımlı
meritroyalcasino;maks 1k çekim;yatırımsız
mersobahis;maks 1k çekim;yatırımsız
metrobahis;750tl yatırım maks 1500tl çekim;yatırımlı
meybet;maks 500tl çekim;yatırımsız
milanobet;şartlar canlı destekte;
milosbet;maks 500tl çekim;yatırımsız
milyonluk;maks 250tl çekim;yatırımsız
mistycasino;maks 500tl çekim;yatırımsız
modelbahis;şartlar canlı destekte;
mokkabet;şartlar canlı destekte;
moldebet;150tl yatırım maks 500tl çekim;yatırımlı
mrgamb;maks 750tl çekim;yatırımsız
napolibet;maks 1k çekim;yatırımsız
nesilbet;maks 250tl çekim;yatırımsız
netbahis;100tl yatırım maks 500tl çekim;yatırımlı
nisanbet;100tl yatırım maks 500tl çekim;yatırımlı
nisbet;maks 250tl çekim;yatırımsız
noktabet;maks 500tl çekim;yatırımsız
odden;100tl yatırım maks 250tl çekim. Anapara ile devam;yatırımlı
olabahis;maks 1k çekim;yatırımsız
olaycasino;maks 500tl çekim;yatırımsız
oldcasino;maks 250tl çekim;yatırımsız
olipsbet;sosyalmedya bonusu 100tl yatırım maks 500tl çekim. Anapara ile devam;yatırımlı
oneobet;maks 500tl çekim;yatırımsız
onwin;maks 600tl çekim;yatırımsız
oslobet;%10 kadar maks çekim sınırsız.;yatırımsız
ossebet;maks 500tl çekim;yatırımsız
otobet;maks 800tl çekim;yatırımsız
palacebet;100tl yatırım maks 750tl çekim;yatırımlı
palazzobet;maks 1k çekim;yatırımsız
palermocasino;maks 300tl çekim;yatırımsız
parmabet;maks 500tl çekim;yatırımsız
parolambet;tg bonusu maks 500tl çekim;yatırımsız
pashagaming;maks 1500tl çekim;yatırımsız
paşacasino;%10 kadar maks çekim sınırsız.;yatırımsız
piabellacasino;maks 5k çekim;yatırımsız
piacasinobet;maks 200tl çekim;yatırımsız
pinbahis;200tl yatırım maks 1200tl çekim;yatırımlı
pisabet;250tl yatırım maks 250tl çekim. Anapara ile devam;yatırımlı
playico;maks 3500tl çekim;yatırımsız
playmen;maks 250tl çekim;yatırımsız
polobet;maks 2500tl çekim;yatırımsız
portbet;maks 500tl çekim;yatırımsız
portobet;500tl yatırım maks 2k çekim;yatırımlı
pradabet;maks 2500tl çekim;yatırımsız
prensbet;maks 1k çekim;yatırımsız
primebahis;200tl yatırım maks 1k çekim;yatırımlı
privebet;maks 500tl çekim;yatırımsız
pulibet;şartlar canlı destekte;
radissonbet;maks 500tl çekim;yatırımsız
rbet;%10 kadar maks çekim sınırsız.;yatırımsız
realbahis;maks 500tl çekim;yatırımsız
redwin;şartlar canlı destekte;
rekorbet;maks 1k çekim;yatırımsız
restbet;şartlar canlı destekte;
retrobet;100tl yatırım maks 1500tl çekim;yatırımlı
reynabet;250tl yatırım maks 500 çekim;yatırımlı
rinabet;maks 1k çekim;yatırımsız
risebet;maks 500tl çekim;yatırımsız
roketbahis;maks 500tl çekim;yatırımsız
roketbet;100tl yatırım maks 500tl çekim;yatırımlı
romabet;250tl yatırım maks 1250tl çekim;yatırımlı
ronabet;1k yatırım 1k çekim. Anapara ile devam;yatırımlı
routebet;maks 200tl çekim;yatırımsız
royalbet;maks 1500tl çekim;yatırımsız
safirbet;maks 500tl çekim;yatırımsız
sahabet;maks 500tl çekim;yatırımsız
sahibet;maks 250tl çekim;yatırımsız
salamisbahis;100tl yatırım maks 500tl çekim;yatırımlı
saltbahis;maks 250tl çekim;yatırımsız
sapphirepalace;250tl yatırım maks 500 çekim;yatırımlı
savoycasino;maks 5k çekim;yatırımsız
sezonbahis;maks 250tl çekim;yatırımsız
sheratonbet;250tl yatırım maks 500 çekim;yatırımlı
slotbaba;maks 1k çekim;yatırımsız
slotday;100tl yatırım maks 500tl çekim;yatırımlı
slotdünyası;min para yatırma maks 500tl çekim;yatırımlı
slotella;1k yatır maks 2k çekim;yatırımlı
slotin;200tl yatırım maks 700tl çekim;yatırımlı
smartbahis;çekim kadar yatırım. Maks 2500tl çekim. Anapara ile devam;yatırımlı
sohobet;maks 500tl çekim;yatırımsız
solobet;maks 660tl çekim;yatırımsız
sonbahis;tg bonusu maks 200tl çekim;yatırımsız
sosabet;100tl yatırım maks 500tl çekim;yatırımlı
spinco;100tl yatırım maks 1k çekim;yatırımlı
spinvbet;maks 1500tl çekim;yatırımsız
starora;maks 500tl çekim;yatırımsız
starzbet;maks 750tl çekim;yatırımsız
stilbet;500tl yatırım maks 500tl çekim. Anapara ile devam;yatırımlı
stonebahis;100tl yatırım maks 300tl çekim;yatırımlı
superbet;maks 1k çekim;yatırımsız
superbetin;maks 500tl çekim;yatırımsız
supertotobet;maks 500tl çekim;yatırımsız
süratbet;maks 250tl çekim;yatırımsız
tambet;maks 500tl çekim;yatırımsız
telebet;500tl yatır maks 1k çekim;yatırımlı
tenusbet;şartlar canlı destekte;
teslabahis;şartlar canlı destekte;
thecasino;250 yatırım maks 555tl çekim;yatırımlı
tikobet;maks 1k çekim;yatırımsız
timebet;250tl yatırım maks 3k çekim;yatırımlı
tiosbet;şartlar canlı destekte;
tipobet;maks 500tl çekim;yatırımsız
titabet;250tl yatır maks 500 çekim;yatırımlı
titobet;100tl yatırım maks 400tl çekim;yatırımlı
tlcasino;maks 1k çekim;yatırımsız
tokyobet;şartlar canlı destekte;
tombet;1k yatırım 500tl çek. Anapara ile devam;yatırımlı
tophillbet;100tl yatırım maks 5k çekim;yatırımlı
trabzonbey;maks 300tl çekim;yatırımsız
trbet;250tl yatırım maks 1k çekim;yatırımlı
truvabet;şartlar canlı destekte;
trwin;maks 250tl çekim;yatırımsız
tuccobet;100tl yatırım maks 300tl çekim;yatırımlı
tulipbet;şartlar canlı destekte;
turbobahis;250tl yatırım maks 500tl çekim;yatırımlı
türkbet;maks 500tl çekim;yatırımsız
ultrabet;1k yatırım maks 2k çekim;yatırımlı
ultraslot;maks 10USD çekim;yatırımsız
vadicasino;maks 250tl çekim;yatırımsız
vaycasino;1k yatırım maks 2k çekim;yatırımlı
vegabet;200tl yatırım maks 1k çekim;yatırımlı
venombet;maks 2k çekim;yatırımsız
venüsbet;şartlar canlı destekte;
verabet;şartlar canlı destekte;
vevobahis;şartlar canlı destekte;
vidobet;200tl yatırım maks 700tl çekim;yatırımlı
vippark;maks 5k çekim;yatırımsız
virabet;100tl yatırım maks 500tl çekim;yatırımlı
vitrinbet;maks 400tl çekim;yatırımsız
vizebet;min 500 maks 1k yatırıma maks 500tl çekim;yatırımlı
vizyonbet;maks 250tl çekim;yatırımsız
vocobet;maks 500tl çekim;yatırımsız
voinbet;200tl yatırım maks 500tl çekim;yatırımlı
wbahis;maks 500tl çekim;yatırımsız
winbir;şartlar canlı destekte;
winxbet;maks 500tl çekim;yatırımsız
wojobet;100tl yatırım maks 200tl çekim;yatırımlı
wolbet;500tl yatırımlı maks 2.5k çekim;yatırımlı
xbahis;maks 3k çekim;yatırımsız
xslot;maks 1k çekim;yatırımsız
yakabet;maks 250tl çekim;yatırımsız
yazıtura;maks 500tl çekim;yatırımsız
yedibahis;maks 1k çekim;yatırımsız
zbahis;maks 1k çekim;yatırımsız
zegnabet;100tl yatır maks çekim sınırı yok.;yatırımlı
zenginsin;maks 15k çekim;yatırımsız
zirvebet;maks 1k çekim;yatırımsız
zlot;250tl yatırım maks 500 çekim;yatırımlı
zumabet;maks 500tl çekim;yatırımsız
zurihbet;maks 500tl çekim;yatırımsız
